Geo_FIPS,Geo_GEOID,Geo_NAME,Geo_QName,Geo_STUSAB,Geo_SUMLEV,Geo_GEOCOMP,Geo_FILEID,Geo_LOGRECNO,Geo_US,Geo_REGION,Geo_DIVISION,Geo_STATECE,Geo_STATE,Geo_COUNTY,Geo_COUSUB,Geo_PLACE,Geo_PLACESE,Geo_TRACT,Geo_BLKGRP,Geo_CONCIT,Geo_AIANHH,Geo_AIANHHFP,Geo_AIHHTLI,Geo_AITSCE,Geo_AITS,Geo_ANRC,Geo_CBSA,Geo_CSA,Geo_METDIV,Geo_MACC,Geo_MEMI,Geo_NECTA,Geo_CNECTA,Geo_NECTADIV,Geo_UA,Geo_UACP,Geo_CDCURR,Geo_SLDU,Geo_SLDL,Geo_VTD,Geo_ZCTA3,Geo_ZCTA5,Geo_SUBMCD,Geo_SDELM,Geo_SDSEC,Geo_SDUNI,Geo_UR,Geo_PCI,Geo_TAZ,Geo_UGA,Geo_BTTR,Geo_BTBG,Geo_PUMA5,Geo_PUMA1,SE_A00001_001
"06001400100","14000US06001400100","Census Tract 4001","Census Tract 4001, Alameda County, California","ca","140","00","ACSSF","0002700",,,,,"06","001",,,,"400100",,,,,,,,,,,,,,,,,,,,,,,,,,,,,,,,,,,,,3120
"06001400200","14000US06001400200","Census Tract 4002","Census Tract 4002, Alameda County, California","ca","140","00","ACSSF","0002701",,,,,"06","001",,,,"400200",,,,,,,,,,,,,,,,,,,,,,,,,,,,,,,,,,,,,2007
"06001400300","14000US06001400300","Census Tract 4003","Census Tract 4003, Alameda County, California","ca","140","00","ACSSF","0002702",,,,,"06","001",,,,"400300",,,,,,,,,,,,,,,,,,,,,,,,,,,,,,,,,,,,,5051
"06001400400","14000US06001400400","Census Tract 4004","Census Tract 4004, Alameda County, California","ca","140","00","ACSSF","0002703",,,,,"06","001",,,,"400400",,,,,,,,,,,,,,,,,,,,,,,,,,,,,,,,,,,,,4007
"06001400500","14000US06001400500","Census Tract 4005","Census Tract 4005, Alameda County, California","ca","140","00","ACSSF","0002704",,,,,"06","001",,,,"400500",,,,,,,,,,,,,,,,,,,,,,,,,,,,,,,,,,,,,4124
"06001400600","14000US06001400600","Census Tract 4006","Census Tract 4006, Alameda County, California","ca","140","00","ACSSF","0002705",,,,,"06","001",,,,"400600",,,,,,,,,,,,,,,,,,,,,,,,,,,,,,,,,,,,,1745
"06001400700","14000US06001400700","Census Tract 4007","Census Tract 4007, Alameda County, California","ca","140","00","ACSSF","0002706",,,,,"06","001",,,,"400700",,,,,,,,,,,,,,,,,,,,,,,,,,,,,,,,,,,,,5128
"06001400800","14000US06001400800","Census Tract 4008","Census Tract 4008, Alameda County, California","ca","140","00","ACSSF","0002707",,,,,"06","001",,,,"400800",,,,,,,,,,,,,,,,,,,,,,,,,,,,,,,,,,,,,4069
"06001400900","14000US06001400900","Census Tract 4009","Census Tract 4009, Alameda County, California","ca","140","00","ACSSF","0002708",,,,,"06","001",,,,"400900",,,,,,,,,,,,,,,,,,,,,,,,,,,,,,,,,,,,,2471
"06001401000","14000US06001401000","Census Tract 4010","Census Tract 4010, Alameda County, California","ca","140","00","ACSSF","0002709",,,,,"06","001",,,,"401000",,,,,,,,,,,,,,,,,,,,,,,,,,,,,,,,,,,,,6133
"06001401100","14000US06001401100","Census Tract 4011","Census Tract 4011, Alameda County, California","ca","140","00","ACSSF","0002710",,,,,"06","001",,,,"401100",,,,,,,,,,,,,,,,,,,,,,,,,,,,,,,,,,,,,4287
"06001401200","14000US06001401200","Census Tract 4012","Census Tract 4012, Alameda County, California","ca","140","00","ACSSF","0002711",,,,,"06","001",,,,"401200",,,,,,,,,,,,,,,,,,,,,,,,,,,,,,,,,,,,,2619
"06001401300","14000US06001401300","Census Tract 4013","Census Tract 4013, Alameda County, California","ca","140","00","ACSSF","0002712",,,,,"06","001",,,,"401300",,,,,,,,,,,,,,,,,,,,,,,,,,,,,,,,,,,,,3921
"06001401400","14000US06001401400","Census Tract 4014","Census Tract 4014, Alameda County, California","ca","140","00","ACSSF","0002713",,,,,"06","001",,,,"401400",,,,,,,,,,,,,,,,,,,,,,,,,,,,,,,,,,,,,4732
"06001401500","14000US06001401500","Census Tract 4015","Census Tract 4015, Alameda County, California","ca","140","00","ACSSF","0002714",,,,,"06","001",,,,"401500",,,,,,,,,,,,,,,,,,,,,,,,,,,,,,,,,,,,,2839
"06001401600","14000US06001401600","Census Tract 4016","Census Tract 4016, Alameda County, California","ca","140","00","ACSSF","0002715",,,,,"06","001",,,,"401600",,,,,,,,,,,,,,,,,,,,,,,,,,,,,,,,,,,,,2289
"06001401700","14000US06001401700","Census Tract 4017","Census Tract 4017, Alameda County, California","ca","140","00","ACSSF","0002716",,,,,"06","001",,,,"401700",,,,,,,,,,,,,,,,,,,,,,,,,,,,,,,,,,,,,3018
"06001401800","14000US06001401800","Census Tract 4018","Census Tract 4018, Alameda County, California","ca","140","00","ACSSF","0002717",,,,,"06","001",,,,"401800",,,,,,,,,,,,,,,,,,,,,,,,,,,,,,,,,,,,,1801
"06001402200","14000US06001402200","Census Tract 4022","Census Tract 4022, Alameda County, California","ca","140","00","ACSSF","0002718",,,,,"06","001",,,,"402200",,,,,,,,,,,,,,,,,,,,,,,,,,,,,,,,,,,,,2477
"06001402400","14000US06001402400","Census Tract 4024","Census Tract 4024, Alameda County, California","ca","140","00","ACSSF","0002719",,,,,"06","001",,,,"402400",,,,,,,,,,,,,,,,,,,,,,,,,,,,,,,,,,,,,2866
"06001402500","14000US06001402500","Census Tract 4025","Census Tract 4025, Alameda County, California","ca","140","00","ACSSF","0002720",,,,,"06","001",,,,"402500",,,,,,,,,,,,,,,,,,,,,,,,,,,,,,,,,,,,,1781
"06001402600","14000US06001402600","Census Tract 4026","Census Tract 4026, Alameda County, California","ca","140","00","ACSSF","0002721",,,,,"06","001",,,,"402600",,,,,,,,,,,,,,,,,,,,,,,,,,,,,,,,,,,,,1243
"06001402700","14000US06001402700","Census Tract 4027","Census Tract 4027, Alameda County, California","ca","140","00","ACSSF","0002722",,,,,"06","001",,,,"402700",,,,,,,,,,,,,,,,,,,,,,,,,,,,,,,,,,,,,1890
"06001402800","14000US06001402800","Census Tract 4028","Census Tract 4028, Alameda County, California","ca","140","00","ACSSF","0002723",,,,,"06","001",,,,"402800",,,,,,,,,,,,,,,,,,,,,,,,,,,,,,,,,,,,,4480
"06001402900","14000US06001402900","Census Tract 4029","Census Tract 4029, Alameda County, California","ca","140","00","ACSSF","0002724",,,,,"06","001",,,,"402900",,,,,,,,,,,,,,,,,,,,,,,,,,,,,,,,,,,,,1406
"06001403000","14000US06001403000","Census Tract 4030","Census Tract 4030, Alameda County, California","ca","140","00","ACSSF","0002725",,,,,"06","001",,,,"403000",,,,,,,,,,,,,,,,,,,,,,,,,,,,,,,,,,,,,2905
"06001403100","14000US06001403100","Census Tract 4031","Census Tract 4031, Alameda County, California","ca","140","00","ACSSF","0002726",,,,,"06","001",,,,"403100",,,,,,,,,,,,,,,,,,,,,,,,,,,,,,,,,,,,,2101
"06001403300","14000US06001403300","Census Tract 4033","Census Tract 4033, Alameda County, California","ca","140","00","ACSSF","0002727",,,,,"06","001",,,,"403300",,,,,,,,,,,,,,,,,,,,,,,,,,,,,,,,,,,,,4178
"06001403400","14000US06001403400","Census Tract 4034","Census Tract 4034, Alameda County, California","ca","140","00","ACSSF","0002728",,,,,"06","001",,,,"403400",,,,,,,,,,,,,,,,,,,,,,,,,,,,,,,,,,,,,4340
"06001403501","14000US06001403501","Census Tract 4035.01","Census Tract 4035.01, Alameda County, California","ca","140","00","ACSSF","0002729",,,,,"06","001",,,,"403501",,,,,,,,,,,,,,,,,,,,,,,,,,,,,,,,,,,,,4492
"06001403502","14000US06001403502","Census Tract 4035.02","Census Tract 4035.02, Alameda County, California","ca","140","00","ACSSF","0002730",,,,,"06","001",,,,"403502",,,,,,,,,,,,,,,,,,,,,,,,,,,,,,,,,,,,,2044
"06001403600","14000US06001403600","Census Tract 4036","Census Tract 4036, Alameda County, California","ca","140","00","ACSSF","0002731",,,,,"06","001",,,,"403600",,,,,,,,,,,,,,,,,,,,,,,,,,,,,,,,,,,,,5570
"06001403701","14000US06001403701","Census Tract 4037.01","Census Tract 4037.01, Alameda County, California","ca","140","00","ACSSF","0002732",,,,,"06","001",,,,"403701",,,,,,,,,,,,,,,,,,,,,,,,,,,,,,,,,,,,,2968
"06001403702","14000US06001403702","Census Tract 4037.02","Census Tract 4037.02, Alameda County, California","ca","140","00","ACSSF","0002733",,,,,"06","001",,,,"403702",,,,,,,,,,,,,,,,,,,,,,,,,,,,,,,,,,,,,1930
"06001403800","14000US06001403800","Census Tract 4038","Census Tract 4038, Alameda County, California","ca","140","00","ACSSF","0002734",,,,,"06","001",,,,"403800",,,,,,,,,,,,,,,,,,,,,,,,,,,,,,,,,,,,,3351
"06001403900","14000US06001403900","Census Tract 4039","Census Tract 4039, Alameda County, California","ca","140","00","ACSSF","0002735",,,,,"06","001",,,,"403900",,,,,,,,,,,,,,,,,,,,,,,,,,,,,,,,,,,,,4051
"06001404000","14000US06001404000","Census Tract 4040","Census Tract 4040, Alameda County, California","ca","140","00","ACSSF","0002736",,,,,"06","001",,,,"404000",,,,,,,,,,,,,,,,,,,,,,,,,,,,,,,,,,,,,2895
"06001404101","14000US06001404101","Census Tract 4041.01","Census Tract 4041.01, Alameda County, California","ca","140","00","ACSSF","0002737",,,,,"06","001",,,,"404101",,,,,,,,,,,,,,,,,,,,,,,,,,,,,,,,,,,,,3017
"06001404102","14000US06001404102","Census Tract 4041.02","Census Tract 4041.02, Alameda County, California","ca","140","00","ACSSF","0002738",,,,,"06","001",,,,"404102",,,,,,,,,,,,,,,,,,,,,,,,,,,,,,,,,,,,,2653
"06001404200","14000US06001404200","Census Tract 4042","Census Tract 4042, Alameda County, California","ca","140","00","ACSSF","0002739",,,,,"06","001",,,,"404200",,,,,,,,,,,,,,,,,,,,,,,,,,,,,,,,,,,,,3877
"06001404300","14000US06001404300","Census Tract 4043","Census Tract 4043, Alameda County, California","ca","140","00","ACSSF","0002740",,,,,"06","001",,,,"404300",,,,,,,,,,,,,,,,,,,,,,,,,,,,,,,,,,,,,3443
"06001404400","14000US06001404400","Census Tract 4044","Census Tract 4044, Alameda County, California","ca","140","00","ACSSF","0002741",,,,,"06","001",,,,"404400",,,,,,,,,,,,,,,,,,,,,,,,,,,,,,,,,,,,,5628
"06001404501","14000US06001404501","Census Tract 4045.01","Census Tract 4045.01, Alameda County, California","ca","140","00","ACSSF","0002742",,,,,"06","001",,,,"404501",,,,,,,,,,,,,,,,,,,,,,,,,,,,,,,,,,,,,1809
"06001404502","14000US06001404502","Census Tract 4045.02","Census Tract 4045.02, Alameda County, California","ca","140","00","ACSSF","0002743",,,,,"06","001",,,,"404502",,,,,,,,,,,,,,,,,,,,,,,,,,,,,,,,,,,,,5891
"06001404600","14000US06001404600","Census Tract 4046","Census Tract 4046, Alameda County, California","ca","140","00","ACSSF","0002744",,,,,"06","001",,,,"404600",,,,,,,,,,,,,,,,,,,,,,,,,,,,,,,,,,,,,4625
"06001404700","14000US06001404700","Census Tract 4047","Census Tract 4047, Alameda County, California","ca","140","00","ACSSF","0002745",,,,,"06","001",,,,"404700",,,,,,,,,,,,,,,,,,,,,,,,,,,,,,,,,,,,,2137
"06001404800","14000US06001404800","Census Tract 4048","Census Tract 4048, Alameda County, California","ca","140","00","ACSSF","0002746",,,,,"06","001",,,,"404800",,,,,,,,,,,,,,,,,,,,,,,,,,,,,,,,,,,,,2647
"06001404900","14000US06001404900","Census Tract 4049","Census Tract 4049, Alameda County, California","ca","140","00","ACSSF","0002747",,,,,"06","001",,,,"404900",,,,,,,,,,,,,,,,,,,,,,,,,,,,,,,,,,,,,4197
"06001405000","14000US06001405000","Census Tract 4050","Census Tract 4050, Alameda County, California","ca","140","00","ACSSF","0002748",,,,,"06","001",,,,"405000",,,,,,,,,,,,,,,,,,,,,,,,,,,,,,,,,,,,,3394
"06001405100","14000US06001405100","Census Tract 4051","Census Tract 4051, Alameda County, California","ca","140","00","ACSSF","0002749",,,,,"06","001",,,,"405100",,,,,,,,,,,,,,,,,,,,,,,,,,,,,,,,,,,,,4285
"06001405200","14000US06001405200","Census Tract 4052","Census Tract 4052, Alameda County, California","ca","140","00","ACSSF","0002750",,,,,"06","001",,,,"405200",,,,,,,,,,,,,,,,,,,,,,,,,,,,,,,,,,,,,5183
"06001405301","14000US06001405301","Census Tract 4053.01","Census Tract 4053.01, Alameda County, California","ca","140","00","ACSSF","0002751",,,,,"06","001",,,,"405301",,,,,,,,,,,,,,,,,,,,,,,,,,,,,,,,,,,,,2954
"06001405302","14000US06001405302","Census Tract 4053.02","Census Tract 4053.02, Alameda County, California","ca","140","00","ACSSF","0002752",,,,,"06","001",,,,"405302",,,,,,,,,,,,,,,,,,,,,,,,,,,,,,,,,,,,,2373
"06001405401","14000US06001405401","Census Tract 4054.01","Census Tract 4054.01, Alameda County, California","ca","140","00","ACSSF","0002753",,,,,"06","001",,,,"405401",,,,,,,,,,,,,,,,,,,,,,,,,,,,,,,,,,,,,3648
"06001405402","14000US06001405402","Census Tract 4054.02","Census Tract 4054.02, Alameda County, California","ca","140","00","ACSSF","0002754",,,,,"06","001",,,,"405402",,,,,,,,,,,,,,,,,,,,,,,,,,,,,,,,,,,,,3357
"06001405500","14000US06001405500","Census Tract 4055","Census Tract 4055, Alameda County, California","ca","140","00","ACSSF","0002755",,,,,"06","001",,,,"405500",,,,,,,,,,,,,,,,,,,,,,,,,,,,,,,,,,,,,3880
"06001405600","14000US06001405600","Census Tract 4056","Census Tract 4056, Alameda County, California","ca","140","00","ACSSF","0002756",,,,,"06","001",,,,"405600",,,,,,,,,,,,,,,,,,,,,,,,,,,,,,,,,,,,,3269
"06001405700","14000US06001405700","Census Tract 4057","Census Tract 4057, Alameda County, California","ca","140","00","ACSSF","0002757",,,,,"06","001",,,,"405700",,,,,,,,,,,,,,,,,,,,,,,,,,,,,,,,,,,,,3531
"06001405800","14000US06001405800","Census Tract 4058","Census Tract 4058, Alameda County, California","ca","140","00","ACSSF","0002758",,,,,"06","001",,,,"405800",,,,,,,,,,,,,,,,,,,,,,,,,,,,,,,,,,,,,4370
"06001405901","14000US06001405901","Census Tract 4059.01","Census Tract 4059.01, Alameda County, California","ca","140","00","ACSSF","0002759",,,,,"06","001",,,,"405901",,,,,,,,,,,,,,,,,,,,,,,,,,,,,,,,,,,,,4426
"06001405902","14000US06001405902","Census Tract 4059.02","Census Tract 4059.02, Alameda County, California","ca","140","00","ACSSF","0002760",,,,,"06","001",,,,"405902",,,,,,,,,,,,,,,,,,,,,,,,,,,,,,,,,,,,,2942
"06001406000","14000US06001406000","Census Tract 4060","Census Tract 4060, Alameda County, California","ca","140","00","ACSSF","0002761",,,,,"06","001",,,,"406000",,,,,,,,,,,,,,,,,,,,,,,,,,,,,,,,,,,,,3796
"06001406100","14000US06001406100","Census Tract 4061","Census Tract 4061, Alameda County, California","ca","140","00","ACSSF","0002762",,,,,"06","001",,,,"406100",,,,,,,,,,,,,,,,,,,,,,,,,,,,,,,,,,,,,4733
"06001406201","14000US06001406201","Census Tract 4062.01","Census Tract 4062.01, Alameda County, California","ca","140","00","ACSSF","0002763",,,,,"06","001",,,,"406201",,,,,,,,,,,,,,,,,,,,,,,,,,,,,,,,,,,,,4995
"06001406202","14000US06001406202","Census Tract 4062.02","Census Tract 4062.02, Alameda County, California","ca","140","00","ACSSF","0002764",,,,,"06","001",,,,"406202",,,,,,,,,,,,,,,,,,,,,,,,,,,,,,,,,,,,,4817
"06001406300","14000US06001406300","Census Tract 4063","Census Tract 4063, Alameda County, California","ca","140","00","ACSSF","0002765",,,,,"06","001",,,,"406300",,,,,,,,,,,,,,,,,,,,,,,,,,,,,,,,,,,,,4383
"06001406400","14000US06001406400","Census Tract 4064","Census Tract 4064, Alameda County, California","ca","140","00","ACSSF","0002766",,,,,"06","001",,,,"406400",,,,,,,,,,,,,,,,,,,,,,,,,,,,,,,,,,,,,2545
"06001406500","14000US06001406500","Census Tract 4065","Census Tract 4065, Alameda County, California","ca","140","00","ACSSF","0002767",,,,,"06","001",,,,"406500",,,,,,,,,,,,,,,,,,,,,,,,,,,,,,,,,,,,,6586
"06001406601","14000US06001406601","Census Tract 4066.01","Census Tract 4066.01, Alameda County, California","ca","140","00","ACSSF","0002768",,,,,"06","001",,,,"406601",,,,,,,,,,,,,,,,,,,,,,,,,,,,,,,,,,,,,4955
"06001406602","14000US06001406602","Census Tract 4066.02","Census Tract 4066.02, Alameda County, California","ca","140","00","ACSSF","0002769",,,,,"06","001",,,,"406602",,,,,,,,,,,,,,,,,,,,,,,,,,,,,,,,,,,,,2698
"06001406700","14000US06001406700","Census Tract 4067","Census Tract 4067, Alameda County, California","ca","140","00","ACSSF","0002770",,,,,"06","001",,,,"406700",,,,,,,,,,,,,,,,,,,,,,,,,,,,,,,,,,,,,5159
"06001406800","14000US06001406800","Census Tract 4068","Census Tract 4068, Alameda County, California","ca","140","00","ACSSF","0002771",,,,,"06","001",,,,"406800",,,,,,,,,,,,,,,,,,,,,,,,,,,,,,,,,,,,,3611
"06001406900","14000US06001406900","Census Tract 4069","Census Tract 4069, Alameda County, California","ca","140","00","ACSSF","0002772",,,,,"06","001",,,,"406900",,,,,,,,,,,,,,,,,,,,,,,,,,,,,,,,,,,,,3608
"06001407000","14000US06001407000","Census Tract 4070","Census Tract 4070, Alameda County, California","ca","140","00","ACSSF","0002773",,,,,"06","001",,,,"407000",,,,,,,,,,,,,,,,,,,,,,,,,,,,,,,,,,,,,5869
"06001407101","14000US06001407101","Census Tract 4071.01","Census Tract 4071.01, Alameda County, California","ca","140","00","ACSSF","0002774",,,,,"06","001",,,,"407101",,,,,,,,,,,,,,,,,,,,,,,,,,,,,,,,,,,,,3821
"06001407102","14000US06001407102","Census Tract 4071.02","Census Tract 4071.02, Alameda County, California","ca","140","00","ACSSF","0002775",,,,,"06","001",,,,"407102",,,,,,,,,,,,,,,,,,,,,,,,,,,,,,,,,,,,,4387
"06001407200","14000US06001407200","Census Tract 4072","Census Tract 4072, Alameda County, California","ca","140","00","ACSSF","0002776",,,,,"06","001",,,,"407200",,,,,,,,,,,,,,,,,,,,,,,,,,,,,,,,,,,,,6985
"06001407300","14000US06001407300","Census Tract 4073","Census Tract 4073, Alameda County, California","ca","140","00","ACSSF","0002777",,,,,"06","001",,,,"407300",,,,,,,,,,,,,,,,,,,,,,,,,,,,,,,,,,,,,2420
"06001407400","14000US06001407400","Census Tract 4074","Census Tract 4074, Alameda County, California","ca","140","00","ACSSF","0002778",,,,,"06","001",,,,"407400",,,,,,,,,,,,,,,,,,,,,,,,,,,,,,,,,,,,,4531
"06001407500","14000US06001407500","Census Tract 4075","Census Tract 4075, Alameda County, California","ca","140","00","ACSSF","0002779",,,,,"06","001",,,,"407500",,,,,,,,,,,,,,,,,,,,,,,,,,,,,,,,,,,,,4299
"06001407600","14000US06001407600","Census Tract 4076","Census Tract 4076, Alameda County, California","ca","140","00","ACSSF","0002780",,,,,"06","001",,,,"407600",,,,,,,,,,,,,,,,,,,,,,,,,,,,,,,,,,,,,6327
"06001407700","14000US06001407700","Census Tract 4077","Census Tract 4077, Alameda County, California","ca","140","00","ACSSF","0002781",,,,,"06","001",,,,"407700",,,,,,,,,,,,,,,,,,,,,,,,,,,,,,,,,,,,,4122
"06001407800","14000US06001407800","Census Tract 4078","Census Tract 4078, Alameda County, California","ca","140","00","ACSSF","0002782",,,,,"06","001",,,,"407800",,,,,,,,,,,,,,,,,,,,,,,,,,,,,,,,,,,,,2728
"06001407900","14000US06001407900","Census Tract 4079","Census Tract 4079, Alameda County, California","ca","140","00","ACSSF","0002783",,,,,"06","001",,,,"407900",,,,,,,,,,,,,,,,,,,,,,,,,,,,,,,,,,,,,2873
"06001408000","14000US06001408000","Census Tract 4080","Census Tract 4080, Alameda County, California","ca","140","00","ACSSF","0002784",,,,,"06","001",,,,"408000",,,,,,,,,,,,,,,,,,,,,,,,,,,,,,,,,,,,,2700
"06001408100","14000US06001408100","Census Tract 4081","Census Tract 4081, Alameda County, California","ca","140","00","ACSSF","0002785",,,,,"06","001",,,,"408100",,,,,,,,,,,,,,,,,,,,,,,,,,,,,,,,,,,,,6320
"06001408200","14000US06001408200","Census Tract 4082","Census Tract 4082, Alameda County, California","ca","140","00","ACSSF","0002786",,,,,"06","001",,,,"408200",,,,,,,,,,,,,,,,,,,,,,,,,,,,,,,,,,,,,4570
"06001408300","14000US06001408300","Census Tract 4083","Census Tract 4083, Alameda County, California","ca","140","00","ACSSF","0002787",,,,,"06","001",,,,"408300",,,,,,,,,,,,,,,,,,,,,,,,,,,,,,,,,,,,,5047
"06001408400","14000US06001408400","Census Tract 4084","Census Tract 4084, Alameda County, California","ca","140","00","ACSSF","0002788",,,,,"06","001",,,,"408400",,,,,,,,,,,,,,,,,,,,,,,,,,,,,,,,,,,,,3201
"06001408500","14000US06001408500","Census Tract 4085","Census Tract 4085, Alameda County, California","ca","140","00","ACSSF","0002789",,,,,"06","001",,,,"408500",,,,,,,,,,,,,,,,,,,,,,,,,,,,,,,,,,,,,5977
"06001408600","14000US06001408600","Census Tract 4086","Census Tract 4086, Alameda County, California","ca","140","00","ACSSF","0002790",,,,,"06","001",,,,"408600",,,,,,,,,,,,,,,,,,,,,,,,,,,,,,,,,,,,,7096
"06001408700","14000US06001408700","Census Tract 4087","Census Tract 4087, Alameda County, California","ca","140","00","ACSSF","0002791",,,,,"06","001",,,,"408700",,,,,,,,,,,,,,,,,,,,,,,,,,,,,,,,,,,,,7909
"06001408800","14000US06001408800","Census Tract 4088","Census Tract 4088, Alameda County, California","ca","140","00","ACSSF","0002792",,,,,"06","001",,,,"408800",,,,,,,,,,,,,,,,,,,,,,,,,,,,,,,,,,,,,7149
"06001408900","14000US06001408900","Census Tract 4089","Census Tract 4089, Alameda County, California","ca","140","00","ACSSF","0002793",,,,,"06","001",,,,"408900",,,,,,,,,,,,,,,,,,,,,,,,,,,,,,,,,,,,,3546
"06001409000","14000US06001409000","Census Tract 4090","Census Tract 4090, Alameda County, California","ca","140","00","ACSSF","0002794",,,,,"06","001",,,,"409000",,,,,,,,,,,,,,,,,,,,,,,,,,,,,,,,,,,,,4687
"06001409100","14000US06001409100","Census Tract 4091","Census Tract 4091, Alameda County, California","ca","140","00","ACSSF","0002795",,,,,"06","001",,,,"409100",,,,,,,,,,,,,,,,,,,,,,,,,,,,,,,,,,,,,2490
"06001409200","14000US06001409200","Census Tract 4092","Census Tract 4092, Alameda County, California","ca","140","00","ACSSF","0002796",,,,,"06","001",,,,"409200",,,,,,,,,,,,,,,,,,,,,,,,,,,,,,,,,,,,,3672
"06001409300","14000US06001409300","Census Tract 4093","Census Tract 4093, Alameda County, California","ca","140","00","ACSSF","0002797",,,,,"06","001",,,,"409300",,,,,,,,,,,,,,,,,,,,,,,,,,,,,,,,,,,,,5303
"06001409400","14000US06001409400","Census Tract 4094","Census Tract 4094, Alameda County, California","ca","140","00","ACSSF","0002798",,,,,"06","001",,,,"409400",,,,,,,,,,,,,,,,,,,,,,,,,,,,,,,,,,,,,4780
"06001409500","14000US06001409500","Census Tract 4095","Census Tract 4095, Alameda County, California","ca","140","00","ACSSF","0002799",,,,,"06","001",,,,"409500",,,,,,,,,,,,,,,,,,,,,,,,,,,,,,,,,,,,,4128
"06001409600","14000US06001409600","Census Tract 4096","Census Tract 4096, Alameda County, California","ca","140","00","ACSSF","0002800",,,,,"06","001",,,,"409600",,,,,,,,,,,,,,,,,,,,,,,,,,,,,,,,,,,,,4978
"06001409700","14000US06001409700","Census Tract 4097","Census Tract 4097, Alameda County, California","ca","140","00","ACSSF","0002801",,,,,"06","001",,,,"409700",,,,,,,,,,,,,,,,,,,,,,,,,,,,,,,,,,,,,4991
"06001409800","14000US06001409800","Census Tract 4098","Census Tract 4098, Alameda County, California","ca","140","00","ACSSF","0002802",,,,,"06","001",,,,"409800",,,,,,,,,,,,,,,,,,,,,,,,,,,,,,,,,,,,,3516
"06001409900","14000US06001409900","Census Tract 4099","Census Tract 4099, Alameda County, California","ca","140","00","ACSSF","0002803",,,,,"06","001",,,,"409900",,,,,,,,,,,,,,,,,,,,,,,,,,,,,,,,,,,,,3642
"06001410000","14000US06001410000","Census Tract 4100","Census Tract 4100, Alameda County, California","ca","140","00","ACSSF","0002804",,,,,"06","001",,,,"410000",,,,,,,,,,,,,,,,,,,,,,,,,,,,,,,,,,,,,3242
"06001410100","14000US06001410100","Census Tract 4101","Census Tract 4101, Alameda County, California","ca","140","00","ACSSF","0002805",,,,,"06","001",,,,"410100",,,,,,,,,,,,,,,,,,,,,,,,,,,,,,,,,,,,,2667
"06001410200","14000US06001410200","Census Tract 4102","Census Tract 4102, Alameda County, California","ca","140","00","ACSSF","0002806",,,,,"06","001",,,,"410200",,,,,,,,,,,,,,,,,,,,,,,,,,,,,,,,,,,,,3630
"06001410300","14000US06001410300","Census Tract 4103","Census Tract 4103, Alameda County, California","ca","140","00","ACSSF","0002807",,,,,"06","001",,,,"410300",,,,,,,,,,,,,,,,,,,,,,,,,,,,,,,,,,,,,3857
"06001410400","14000US06001410400","Census Tract 4104","Census Tract 4104, Alameda County, California","ca","140","00","ACSSF","0002808",,,,,"06","001",,,,"410400",,,,,,,,,,,,,,,,,,,,,,,,,,,,,,,,,,,,,4477
"06001410500","14000US06001410500","Census Tract 4105","Census Tract 4105, Alameda County, California","ca","140","00","ACSSF","0002809",,,,,"06","001",,,,"410500",,,,,,,,,,,,,,,,,,,,,,,,,,,,,,,,,,,,,2705
"06001420100","14000US06001420100","Census Tract 4201","Census Tract 4201, Alameda County, California","ca","140","00","ACSSF","0002810",,,,,"06","001",,,,"420100",,,,,,,,,,,,,,,,,,,,,,,,,,,,,,,,,,,,,2440
"06001420200","14000US06001420200","Census Tract 4202","Census Tract 4202, Alameda County, California","ca","140","00","ACSSF","0002811",,,,,"06","001",,,,"420200",,,,,,,,,,,,,,,,,,,,,,,,,,,,,,,,,,,,,3332
"06001420300","14000US06001420300","Census Tract 4203","Census Tract 4203, Alameda County, California","ca","140","00","ACSSF","0002812",,,,,"06","001",,,,"420300",,,,,,,,,,,,,,,,,,,,,,,,,,,,,,,,,,,,,4977
"06001420400","14000US06001420400","Census Tract 4204","Census Tract 4204, Alameda County, California","ca","140","00","ACSSF","0002813",,,,,"06","001",,,,"420400",,,,,,,,,,,,,,,,,,,,,,,,,,,,,,,,,,,,,3062
"06001420500","14000US06001420500","Census Tract 4205","Census Tract 4205, Alameda County, California","ca","140","00","ACSSF","0002814",,,,,"06","001",,,,"420500",,,,,,,,,,,,,,,,,,,,,,,,,,,,,,,,,,,,,2557
"06001420600","14000US06001420600","Census Tract 4206","Census Tract 4206, Alameda County, California","ca","140","00","ACSSF","0002815",,,,,"06","001",,,,"420600",,,,,,,,,,,,,,,,,,,,,,,,,,,,,,,,,,,,,3436
"06001421100","14000US06001421100","Census Tract 4211","Census Tract 4211, Alameda County, California","ca","140","00","ACSSF","0002816",,,,,"06","001",,,,"421100",,,,,,,,,,,,,,,,,,,,,,,,,,,,,,,,,,,,,2084
"06001421200","14000US06001421200","Census Tract 4212","Census Tract 4212, Alameda County, California","ca","140","00","ACSSF","0002817",,,,,"06","001",,,,"421200",,,,,,,,,,,,,,,,,,,,,,,,,,,,,,,,,,,,,3594
"06001421300","14000US06001421300","Census Tract 4213","Census Tract 4213, Alameda County, California","ca","140","00","ACSSF","0002818",,,,,"06","001",,,,"421300",,,,,,,,,,,,,,,,,,,,,,,,,,,,,,,,,,,,,3873
"06001421400","14000US06001421400","Census Tract 4214","Census Tract 4214, Alameda County, California","ca","140","00","ACSSF","0002819",,,,,"06","001",,,,"421400",,,,,,,,,,,,,,,,,,,,,,,,,,,,,,,,,,,,,1634
"06001421500","14000US06001421500","Census Tract 4215","Census Tract 4215, Alameda County, California","ca","140","00","ACSSF","0002820",,,,,"06","001",,,,"421500",,,,,,,,,,,,,,,,,,,,,,,,,,,,,,,,,,,,,3694
"06001421600","14000US06001421600","Census Tract 4216","Census Tract 4216, Alameda County, California","ca","140","00","ACSSF","0002821",,,,,"06","001",,,,"421600",,,,,,,,,,,,,,,,,,,,,,,,,,,,,,,,,,,,,3617
"06001421700","14000US06001421700","Census Tract 4217","Census Tract 4217, Alameda County, California","ca","140","00","ACSSF","0002822",,,,,"06","001",,,,"421700",,,,,,,,,,,,,,,,,,,,,,,,,,,,,,,,,,,,,3492
"06001421800","14000US06001421800","Census Tract 4218","Census Tract 4218, Alameda County, California","ca","140","00","ACSSF","0002823",,,,,"06","001",,,,"421800",,,,,,,,,,,,,,,,,,,,,,,,,,,,,,,,,,,,,2144
"06001421900","14000US06001421900","Census Tract 4219","Census Tract 4219, Alameda County, California","ca","140","00","ACSSF","0002824",,,,,"06","001",,,,"421900",,,,,,,,,,,,,,,,,,,,,,,,,,,,,,,,,,,,,4171
"06001422000","14000US06001422000","Census Tract 4220","Census Tract 4220, Alameda County, California","ca","140","00","ACSSF","0002825",,,,,"06","001",,,,"422000",,,,,,,,,,,,,,,,,,,,,,,,,,,,,,,,,,,,,2156
"06001422100","14000US06001422100","Census Tract 4221","Census Tract 4221, Alameda County, California","ca","140","00","ACSSF","0002826",,,,,"06","001",,,,"422100",,,,,,,,,,,,,,,,,,,,,,,,,,,,,,,,,,,,,3073
"06001422200","14000US06001422200","Census Tract 4222","Census Tract 4222, Alameda County, California","ca","140","00","ACSSF","0002827",,,,,"06","001",,,,"422200",,,,,,,,,,,,,,,,,,,,,,,,,,,,,,,,,,,,,3237
"06001422300","14000US06001422300","Census Tract 4223","Census Tract 4223, Alameda County, California","ca","140","00","ACSSF","0002828",,,,,"06","001",,,,"422300",,,,,,,,,,,,,,,,,,,,,,,,,,,,,,,,,,,,,3643
"06001422400","14000US06001422400","Census Tract 4224","Census Tract 4224, Alameda County, California","ca","140","00","ACSSF","0002829",,,,,"06","001",,,,"422400",,,,,,,,,,,,,,,,,,,,,,,,,,,,,,,,,,,,,4487
"06001422500","14000US06001422500","Census Tract 4225","Census Tract 4225, Alameda County, California","ca","140","00","ACSSF","0002830",,,,,"06","001",,,,"422500",,,,,,,,,,,,,,,,,,,,,,,,,,,,,,,,,,,,,4400
"06001422600","14000US06001422600","Census Tract 4226","Census Tract 4226, Alameda County, California","ca","140","00","ACSSF","0002831",,,,,"06","001",,,,"422600",,,,,,,,,,,,,,,,,,,,,,,,,,,,,,,,,,,,,1043
"06001422700","14000US06001422700","Census Tract 4227","Census Tract 4227, Alameda County, California","ca","140","00","ACSSF","0002832",,,,,"06","001",,,,"422700",,,,,,,,,,,,,,,,,,,,,,,,,,,,,,,,,,,,,5266
"06001422800","14000US06001422800","Census Tract 4228","Census Tract 4228, Alameda County, California","ca","140","00","ACSSF","0002833",,,,,"06","001",,,,"422800",,,,,,,,,,,,,,,,,,,,,,,,,,,,,,,,,,,,,9064
"06001422900","14000US06001422900","Census Tract 4229","Census Tract 4229, Alameda County, California","ca","140","00","ACSSF","0002834",,,,,"06","001",,,,"422900",,,,,,,,,,,,,,,,,,,,,,,,,,,,,,,,,,,,,5761
"06001423000","14000US06001423000","Census Tract 4230","Census Tract 4230, Alameda County, California","ca","140","00","ACSSF","0002835",,,,,"06","001",,,,"423000",,,,,,,,,,,,,,,,,,,,,,,,,,,,,,,,,,,,,4962
"06001423100","14000US06001423100","Census Tract 4231","Census Tract 4231, Alameda County, California","ca","140","00","ACSSF","0002836",,,,,"06","001",,,,"423100",,,,,,,,,,,,,,,,,,,,,,,,,,,,,,,,,,,,,4413
"06001423200","14000US06001423200","Census Tract 4232","Census Tract 4232, Alameda County, California","ca","140","00","ACSSF","0002837",,,,,"06","001",,,,"423200",,,,,,,,,,,,,,,,,,,,,,,,,,,,,,,,,,,,,2982
"06001423300","14000US06001423300","Census Tract 4233","Census Tract 4233, Alameda County, California","ca","140","00","ACSSF","0002838",,,,,"06","001",,,,"423300",,,,,,,,,,,,,,,,,,,,,,,,,,,,,,,,,,,,,3504
"06001423400","14000US06001423400","Census Tract 4234","Census Tract 4234, Alameda County, California","ca","140","00","ACSSF","0002839",,,,,"06","001",,,,"423400",,,,,,,,,,,,,,,,,,,,,,,,,,,,,,,,,,,,,5163
"06001423500","14000US06001423500","Census Tract 4235","Census Tract 4235, Alameda County, California","ca","140","00","ACSSF","0002840",,,,,"06","001",,,,"423500",,,,,,,,,,,,,,,,,,,,,,,,,,,,,,,,,,,,,3426
"06001423601","14000US06001423601","Census Tract 4236.01","Census Tract 4236.01, Alameda County, California","ca","140","00","ACSSF","0002841",,,,,"06","001",,,,"423601",,,,,,,,,,,,,,,,,,,,,,,,,,,,,,,,,,,,,2671
"06001423602","14000US06001423602","Census Tract 4236.02","Census Tract 4236.02, Alameda County, California","ca","140","00","ACSSF","0002842",,,,,"06","001",,,,"423602",,,,,,,,,,,,,,,,,,,,,,,,,,,,,,,,,,,,,6528
"06001423700","14000US06001423700","Census Tract 4237","Census Tract 4237, Alameda County, California","ca","140","00","ACSSF","0002843",,,,,"06","001",,,,"423700",,,,,,,,,,,,,,,,,,,,,,,,,,,,,,,,,,,,,4148
"06001423800","14000US06001423800","Census Tract 4238","Census Tract 4238, Alameda County, California","ca","140","00","ACSSF","0002844",,,,,"06","001",,,,"423800",,,,,,,,,,,,,,,,,,,,,,,,,,,,,,,,,,,,,2986
"06001423901","14000US06001423901","Census Tract 4239.01","Census Tract 4239.01, Alameda County, California","ca","140","00","ACSSF","0002845",,,,,"06","001",,,,"423901",,,,,,,,,,,,,,,,,,,,,,,,,,,,,,,,,,,,,2054
"06001423902","14000US06001423902","Census Tract 4239.02","Census Tract 4239.02, Alameda County, California","ca","140","00","ACSSF","0002846",,,,,"06","001",,,,"423902",,,,,,,,,,,,,,,,,,,,,,,,,,,,,,,,,,,,,1605
"06001424001","14000US06001424001","Census Tract 4240.01","Census Tract 4240.01, Alameda County, California","ca","140","00","ACSSF","0002847",,,,,"06","001",,,,"424001",,,,,,,,,,,,,,,,,,,,,,,,,,,,,,,,,,,,,4027
"06001424002","14000US06001424002","Census Tract 4240.02","Census Tract 4240.02, Alameda County, California","ca","140","00","ACSSF","0002848",,,,,"06","001",,,,"424002",,,,,,,,,,,,,,,,,,,,,,,,,,,,,,,,,,,,,2583
"06001425101","14000US06001425101","Census Tract 4251.01","Census Tract 4251.01, Alameda County, California","ca","140","00","ACSSF","0002849",,,,,"06","001",,,,"425101",,,,,,,,,,,,,,,,,,,,,,,,,,,,,,,,,,,,,1659
"06001425102","14000US06001425102","Census Tract 4251.02","Census Tract 4251.02, Alameda County, California","ca","140","00","ACSSF","0002850",,,,,"06","001",,,,"425102",,,,,,,,,,,,,,,,,,,,,,,,,,,,,,,,,,,,,3906
"06001425103","14000US06001425103","Census Tract 4251.03","Census Tract 4251.03, Alameda County, California","ca","140","00","ACSSF","0002851",,,,,"06","001",,,,"425103",,,,,,,,,,,,,,,,,,,,,,,,,,,,,,,,,,,,,2795
"06001425104","14000US06001425104","Census Tract 4251.04","Census Tract 4251.04, Alameda County, California","ca","140","00","ACSSF","0002852",,,,,"06","001",,,,"425104",,,,,,,,,,,,,,,,,,,,,,,,,,,,,,,,,,,,,3539
"06001426100","14000US06001426100","Census Tract 4261","Census Tract 4261, Alameda County, California","ca","140","00","ACSSF","0002853",,,,,"06","001",,,,"426100",,,,,,,,,,,,,,,,,,,,,,,,,,,,,,,,,,,,,6521
"06001426200","14000US06001426200","Census Tract 4262","Census Tract 4262, Alameda County, California","ca","140","00","ACSSF","0002854",,,,,"06","001",,,,"426200",,,,,,,,,,,,,,,,,,,,,,,,,,,,,,,,,,,,,4796
"06001427100","14000US06001427100","Census Tract 4271","Census Tract 4271, Alameda County, California","ca","140","00","ACSSF","0002855",,,,,"06","001",,,,"427100",,,,,,,,,,,,,,,,,,,,,,,,,,,,,,,,,,,,,3975
"06001427200","14000US06001427200","Census Tract 4272","Census Tract 4272, Alameda County, California","ca","140","00","ACSSF","0002856",,,,,"06","001",,,,"427200",,,,,,,,,,,,,,,,,,,,,,,,,,,,,,,,,,,,,4180
"06001427300","14000US06001427300","Census Tract 4273","Census Tract 4273, Alameda County, California","ca","140","00","ACSSF","0002857",,,,,"06","001",,,,"427300",,,,,,,,,,,,,,,,,,,,,,,,,,,,,,,,,,,,,5346
"06001427600","14000US06001427600","Census Tract 4276","Census Tract 4276, Alameda County, California","ca","140","00","ACSSF","0002858",,,,,"06","001",,,,"427600",,,,,,,,,,,,,,,,,,,,,,,,,,,,,,,,,,,,,5200
"06001427700","14000US06001427700","Census Tract 4277","Census Tract 4277, Alameda County, California","ca","140","00","ACSSF","0002859",,,,,"06","001",,,,"427700",,,,,,,,,,,,,,,,,,,,,,,,,,,,,,,,,,,,,5201
"06001427800","14000US06001427800","Census Tract 4278","Census Tract 4278, Alameda County, California","ca","140","00","ACSSF","0002860",,,,,"06","001",,,,"427800",,,,,,,,,,,,,,,,,,,,,,,,,,,,,,,,,,,,,4954
"06001427900","14000US06001427900","Census Tract 4279","Census Tract 4279, Alameda County, California","ca","140","00","ACSSF","0002861",,,,,"06","001",,,,"427900",,,,,,,,,,,,,,,,,,,,,,,,,,,,,,,,,,,,,5052
"06001428000","14000US06001428000","Census Tract 4280","Census Tract 4280, Alameda County, California","ca","140","00","ACSSF","0002862",,,,,"06","001",,,,"428000",,,,,,,,,,,,,,,,,,,,,,,,,,,,,,,,,,,,,2877
"06001428100","14000US06001428100","Census Tract 4281","Census Tract 4281, Alameda County, California","ca","140","00","ACSSF","0002863",,,,,"06","001",,,,"428100",,,,,,,,,,,,,,,,,,,,,,,,,,,,,,,,,,,,,4839
"06001428200","14000US06001428200","Census Tract 4282","Census Tract 4282, Alameda County, California","ca","140","00","ACSSF","0002864",,,,,"06","001",,,,"428200",,,,,,,,,,,,,,,,,,,,,,,,,,,,,,,,,,,,,6606
"06001428301","14000US06001428301","Census Tract 4283.01","Census Tract 4283.01, Alameda County, California","ca","140","00","ACSSF","0002865",,,,,"06","001",,,,"428301",,,,,,,,,,,,,,,,,,,,,,,,,,,,,,,,,,,,,7277
"06001428302","14000US06001428302","Census Tract 4283.02","Census Tract 4283.02, Alameda County, California","ca","140","00","ACSSF","0002866",,,,,"06","001",,,,"428302",,,,,,,,,,,,,,,,,,,,,,,,,,,,,,,,,,,,,7424
"06001428400","14000US06001428400","Census Tract 4284","Census Tract 4284, Alameda County, California","ca","140","00","ACSSF","0002867",,,,,"06","001",,,,"428400",,,,,,,,,,,,,,,,,,,,,,,,,,,,,,,,,,,,,4568
"06001428500","14000US06001428500","Census Tract 4285","Census Tract 4285, Alameda County, California","ca","140","00","ACSSF","0002868",,,,,"06","001",,,,"428500",,,,,,,,,,,,,,,,,,,,,,,,,,,,,,,,,,,,,3097
"06001428600","14000US06001428600","Census Tract 4286","Census Tract 4286, Alameda County, California","ca","140","00","ACSSF","0002869",,,,,"06","001",,,,"428600",,,,,,,,,,,,,,,,,,,,,,,,,,,,,,,,,,,,,3454
"06001428700","14000US06001428700","Census Tract 4287","Census Tract 4287, Alameda County, California","ca","140","00","ACSSF","0002870",,,,,"06","001",,,,"428700",,,,,,,,,,,,,,,,,,,,,,,,,,,,,,,,,,,,,4472
"06001430101","14000US06001430101","Census Tract 4301.01","Census Tract 4301.01, Alameda County, California","ca","140","00","ACSSF","0002871",,,,,"06","001",,,,"430101",,,,,,,,,,,,,,,,,,,,,,,,,,,,,,,,,,,,,6842
"06001430102","14000US06001430102","Census Tract 4301.02","Census Tract 4301.02, Alameda County, California","ca","140","00","ACSSF","0002872",,,,,"06","001",,,,"430102",,,,,,,,,,,,,,,,,,,,,,,,,,,,,,,,,,,,,2424
"06001430200","14000US06001430200","Census Tract 4302","Census Tract 4302, Alameda County, California","ca","140","00","ACSSF","0002873",,,,,"06","001",,,,"430200",,,,,,,,,,,,,,,,,,,,,,,,,,,,,,,,,,,,,6878
"06001430300","14000US06001430300","Census Tract 4303","Census Tract 4303, Alameda County, California","ca","140","00","ACSSF","0002874",,,,,"06","001",,,,"430300",,,,,,,,,,,,,,,,,,,,,,,,,,,,,,,,,,,,,3826
"06001430400","14000US06001430400","Census Tract 4304","Census Tract 4304, Alameda County, California","ca","140","00","ACSSF","0002875",,,,,"06","001",,,,"430400",,,,,,,,,,,,,,,,,,,,,,,,,,,,,,,,,,,,,2107
"06001430500","14000US06001430500","Census Tract 4305","Census Tract 4305, Alameda County, California","ca","140","00","ACSSF","0002876",,,,,"06","001",,,,"430500",,,,,,,,,,,,,,,,,,,,,,,,,,,,,,,,,,,,,5987
"06001430600","14000US06001430600","Census Tract 4306","Census Tract 4306, Alameda County, California","ca","140","00","ACSSF","0002877",,,,,"06","001",,,,"430600",,,,,,,,,,,,,,,,,,,,,,,,,,,,,,,,,,,,,6486
"06001430700","14000US06001430700","Census Tract 4307","Census Tract 4307, Alameda County, California","ca","140","00","ACSSF","0002878",,,,,"06","001",,,,"430700",,,,,,,,,,,,,,,,,,,,,,,,,,,,,,,,,,,,,4170
"06001430800","14000US06001430800","Census Tract 4308","Census Tract 4308, Alameda County, California","ca","140","00","ACSSF","0002879",,,,,"06","001",,,,"430800",,,,,,,,,,,,,,,,,,,,,,,,,,,,,,,,,,,,,5282
"06001430900","14000US06001430900","Census Tract 4309","Census Tract 4309, Alameda County, California","ca","140","00","ACSSF","0002880",,,,,"06","001",,,,"430900",,,,,,,,,,,,,,,,,,,,,,,,,,,,,,,,,,,,,5309
"06001431000","14000US06001431000","Census Tract 4310","Census Tract 4310, Alameda County, California","ca","140","00","ACSSF","0002881",,,,,"06","001",,,,"431000",,,,,,,,,,,,,,,,,,,,,,,,,,,,,,,,,,,,,2777
"06001431100","14000US06001431100","Census Tract 4311","Census Tract 4311, Alameda County, California","ca","140","00","ACSSF","0002882",,,,,"06","001",,,,"431100",,,,,,,,,,,,,,,,,,,,,,,,,,,,,,,,,,,,,3561
"06001431200","14000US06001431200","Census Tract 4312","Census Tract 4312, Alameda County, California","ca","140","00","ACSSF","0002883",,,,,"06","001",,,,"431200",,,,,,,,,,,,,,,,,,,,,,,,,,,,,,,,,,,,,5574
"06001432100","14000US06001432100","Census Tract 4321","Census Tract 4321, Alameda County, California","ca","140","00","ACSSF","0002884",,,,,"06","001",,,,"432100",,,,,,,,,,,,,,,,,,,,,,,,,,,,,,,,,,,,,3574
"06001432200","14000US06001432200","Census Tract 4322","Census Tract 4322, Alameda County, California","ca","140","00","ACSSF","0002885",,,,,"06","001",,,,"432200",,,,,,,,,,,,,,,,,,,,,,,,,,,,,,,,,,,,,4078
"06001432300","14000US06001432300","Census Tract 4323","Census Tract 4323, Alameda County, California","ca","140","00","ACSSF","0002886",,,,,"06","001",,,,"432300",,,,,,,,,,,,,,,,,,,,,,,,,,,,,,,,,,,,,4744
"06001432400","14000US06001432400","Census Tract 4324","Census Tract 4324, Alameda County, California","ca","140","00","ACSSF","0002887",,,,,"06","001",,,,"432400",,,,,,,,,,,,,,,,,,,,,,,,,,,,,,,,,,,,,7003
"06001432501","14000US06001432501","Census Tract 4325.01","Census Tract 4325.01, Alameda County, California","ca","140","00","ACSSF","0002888",,,,,"06","001",,,,"432501",,,,,,,,,,,,,,,,,,,,,,,,,,,,,,,,,,,,,4854
"06001432502","14000US06001432502","Census Tract 4325.02","Census Tract 4325.02, Alameda County, California","ca","140","00","ACSSF","0002889",,,,,"06","001",,,,"432502",,,,,,,,,,,,,,,,,,,,,,,,,,,,,,,,,,,,,5178
"06001432600","14000US06001432600","Census Tract 4326","Census Tract 4326, Alameda County, California","ca","140","00","ACSSF","0002890",,,,,"06","001",,,,"432600",,,,,,,,,,,,,,,,,,,,,,,,,,,,,,,,,,,,,7043
"06001432700","14000US06001432700","Census Tract 4327","Census Tract 4327, Alameda County, California","ca","140","00","ACSSF","0002891",,,,,"06","001",,,,"432700",,,,,,,,,,,,,,,,,,,,,,,,,,,,,,,,,,,,,2816
"06001432800","14000US06001432800","Census Tract 4328","Census Tract 4328, Alameda County, California","ca","140","00","ACSSF","0002892",,,,,"06","001",,,,"432800",,,,,,,,,,,,,,,,,,,,,,,,,,,,,,,,,,,,,3979
"06001433000","14000US06001433000","Census Tract 4330","Census Tract 4330, Alameda County, California","ca","140","00","ACSSF","0002893",,,,,"06","001",,,,"433000",,,,,,,,,,,,,,,,,,,,,,,,,,,,,,,,,,,,,3654
"06001433102","14000US06001433102","Census Tract 4331.02","Census Tract 4331.02, Alameda County, California","ca","140","00","ACSSF","0002894",,,,,"06","001",,,,"433102",,,,,,,,,,,,,,,,,,,,,,,,,,,,,,,,,,,,,4485
"06001433103","14000US06001433103","Census Tract 4331.03","Census Tract 4331.03, Alameda County, California","ca","140","00","ACSSF","0002895",,,,,"06","001",,,,"433103",,,,,,,,,,,,,,,,,,,,,,,,,,,,,,,,,,,,,3523
"06001433104","14000US06001433104","Census Tract 4331.04","Census Tract 4331.04, Alameda County, California","ca","140","00","ACSSF","0002896",,,,,"06","001",,,,"433104",,,,,,,,,,,,,,,,,,,,,,,,,,,,,,,,,,,,,3724
"06001433200","14000US06001433200","Census Tract 4332","Census Tract 4332, Alameda County, California","ca","140","00","ACSSF","0002897",,,,,"06","001",,,,"433200",,,,,,,,,,,,,,,,,,,,,,,,,,,,,,,,,,,,,7991
"06001433300","14000US06001433300","Census Tract 4333","Census Tract 4333, Alameda County, California","ca","140","00","ACSSF","0002898",,,,,"06","001",,,,"433300",,,,,,,,,,,,,,,,,,,,,,,,,,,,,,,,,,,,,7761
"06001433400","14000US06001433400","Census Tract 4334","Census Tract 4334, Alameda County, California","ca","140","00","ACSSF","0002899",,,,,"06","001",,,,"433400",,,,,,,,,,,,,,,,,,,,,,,,,,,,,,,,,,,,,5934
"06001433500","14000US06001433500","Census Tract 4335","Census Tract 4335, Alameda County, California","ca","140","00","ACSSF","0002900",,,,,"06","001",,,,"433500",,,,,,,,,,,,,,,,,,,,,,,,,,,,,,,,,,,,,4830
"06001433600","14000US06001433600","Census Tract 4336","Census Tract 4336, Alameda County, California","ca","140","00","ACSSF","0002901",,,,,"06","001",,,,"433600",,,,,,,,,,,,,,,,,,,,,,,,,,,,,,,,,,,,,6094
"06001433700","14000US06001433700","Census Tract 4337","Census Tract 4337, Alameda County, California","ca","140","00","ACSSF","0002902",,,,,"06","001",,,,"433700",,,,,,,,,,,,,,,,,,,,,,,,,,,,,,,,,,,,,3503
"06001433800","14000US06001433800","Census Tract 4338","Census Tract 4338, Alameda County, California","ca","140","00","ACSSF","0002903",,,,,"06","001",,,,"433800",,,,,,,,,,,,,,,,,,,,,,,,,,,,,,,,,,,,,8179
"06001433900","14000US06001433900","Census Tract 4339","Census Tract 4339, Alameda County, California","ca","140","00","ACSSF","0002904",,,,,"06","001",,,,"433900",,,,,,,,,,,,,,,,,,,,,,,,,,,,,,,,,,,,,7685
"06001434000","14000US06001434000","Census Tract 4340","Census Tract 4340, Alameda County, California","ca","140","00","ACSSF","0002905",,,,,"06","001",,,,"434000",,,,,,,,,,,,,,,,,,,,,,,,,,,,,,,,,,,,,5334
"06001435102","14000US06001435102","Census Tract 4351.02","Census Tract 4351.02, Alameda County, California","ca","140","00","ACSSF","0002906",,,,,"06","001",,,,"435102",,,,,,,,,,,,,,,,,,,,,,,,,,,,,,,,,,,,,6189
"06001435103","14000US06001435103","Census Tract 4351.03","Census Tract 4351.03, Alameda County, California","ca","140","00","ACSSF","0002907",,,,,"06","001",,,,"435103",,,,,,,,,,,,,,,,,,,,,,,,,,,,,,,,,,,,,7420
"06001435104","14000US06001435104","Census Tract 4351.04","Census Tract 4351.04, Alameda County, California","ca","140","00","ACSSF","0002908",,,,,"06","001",,,,"435104",,,,,,,,,,,,,,,,,,,,,,,,,,,,,,,,,,,,,6117
"06001435200","14000US06001435200","Census Tract 4352","Census Tract 4352, Alameda County, California","ca","140","00","ACSSF","0002909",,,,,"06","001",,,,"435200",,,,,,,,,,,,,,,,,,,,,,,,,,,,,,,,,,,,,4659
"06001435300","14000US06001435300","Census Tract 4353","Census Tract 4353, Alameda County, California","ca","140","00","ACSSF","0002910",,,,,"06","001",,,,"435300",,,,,,,,,,,,,,,,,,,,,,,,,,,,,,,,,,,,,4739
"06001435400","14000US06001435400","Census Tract 4354","Census Tract 4354, Alameda County, California","ca","140","00","ACSSF","0002911",,,,,"06","001",,,,"435400",,,,,,,,,,,,,,,,,,,,,,,,,,,,,,,,,,,,,4538
"06001435500","14000US06001435500","Census Tract 4355","Census Tract 4355, Alameda County, California","ca","140","00","ACSSF","0002912",,,,,"06","001",,,,"435500",,,,,,,,,,,,,,,,,,,,,,,,,,,,,,,,,,,,,3983
"06001435601","14000US06001435601","Census Tract 4356.01","Census Tract 4356.01, Alameda County, California","ca","140","00","ACSSF","0002913",,,,,"06","001",,,,"435601",,,,,,,,,,,,,,,,,,,,,,,,,,,,,,,,,,,,,5662
"06001435602","14000US06001435602","Census Tract 4356.02","Census Tract 4356.02, Alameda County, California","ca","140","00","ACSSF","0002914",,,,,"06","001",,,,"435602",,,,,,,,,,,,,,,,,,,,,,,,,,,,,,,,,,,,,5453
"06001435700","14000US06001435700","Census Tract 4357","Census Tract 4357, Alameda County, California","ca","140","00","ACSSF","0002915",,,,,"06","001",,,,"435700",,,,,,,,,,,,,,,,,,,,,,,,,,,,,,,,,,,,,5231
"06001435800","14000US06001435800","Census Tract 4358","Census Tract 4358, Alameda County, California","ca","140","00","ACSSF","0002916",,,,,"06","001",,,,"435800",,,,,,,,,,,,,,,,,,,,,,,,,,,,,,,,,,,,,5543
"06001435900","14000US06001435900","Census Tract 4359","Census Tract 4359, Alameda County, California","ca","140","00","ACSSF","0002917",,,,,"06","001",,,,"435900",,,,,,,,,,,,,,,,,,,,,,,,,,,,,,,,,,,,,5371
"06001436000","14000US06001436000","Census Tract 4360","Census Tract 4360, Alameda County, California","ca","140","00","ACSSF","0002918",,,,,"06","001",,,,"436000",,,,,,,,,,,,,,,,,,,,,,,,,,,,,,,,,,,,,5063
"06001436100","14000US06001436100","Census Tract 4361","Census Tract 4361, Alameda County, California","ca","140","00","ACSSF","0002919",,,,,"06","001",,,,"436100",,,,,,,,,,,,,,,,,,,,,,,,,,,,,,,,,,,,,5977
"06001436200","14000US06001436200","Census Tract 4362","Census Tract 4362, Alameda County, California","ca","140","00","ACSSF","0002920",,,,,"06","001",,,,"436200",,,,,,,,,,,,,,,,,,,,,,,,,,,,,,,,,,,,,4266
"06001436300","14000US06001436300","Census Tract 4363","Census Tract 4363, Alameda County, California","ca","140","00","ACSSF","0002921",,,,,"06","001",,,,"436300",,,,,,,,,,,,,,,,,,,,,,,,,,,,,,,,,,,,,9444
"06001436401","14000US06001436401","Census Tract 4364.01","Census Tract 4364.01, Alameda County, California","ca","140","00","ACSSF","0002922",,,,,"06","001",,,,"436401",,,,,,,,,,,,,,,,,,,,,,,,,,,,,,,,,,,,,7173
"06001436402","14000US06001436402","Census Tract 4364.02","Census Tract 4364.02, Alameda County, California","ca","140","00","ACSSF","0002923",,,,,"06","001",,,,"436402",,,,,,,,,,,,,,,,,,,,,,,,,,,,,,,,,,,,,2704
"06001436500","14000US06001436500","Census Tract 4365","Census Tract 4365, Alameda County, California","ca","140","00","ACSSF","0002924",,,,,"06","001",,,,"436500",,,,,,,,,,,,,,,,,,,,,,,,,,,,,,,,,,,,,5375
"06001436601","14000US06001436601","Census Tract 4366.01","Census Tract 4366.01, Alameda County, California","ca","140","00","ACSSF","0002925",,,,,"06","001",,,,"436601",,,,,,,,,,,,,,,,,,,,,,,,,,,,,,,,,,,,,6938
"06001436602","14000US06001436602","Census Tract 4366.02","Census Tract 4366.02, Alameda County, California","ca","140","00","ACSSF","0002926",,,,,"06","001",,,,"436602",,,,,,,,,,,,,,,,,,,,,,,,,,,,,,,,,,,,,5113
"06001436700","14000US06001436700","Census Tract 4367","Census Tract 4367, Alameda County, California","ca","140","00","ACSSF","0002927",,,,,"06","001",,,,"436700",,,,,,,,,,,,,,,,,,,,,,,,,,,,,,,,,,,,,3265
"06001436800","14000US06001436800","Census Tract 4368","Census Tract 4368, Alameda County, California","ca","140","00","ACSSF","0002928",,,,,"06","001",,,,"436800",,,,,,,,,,,,,,,,,,,,,,,,,,,,,,,,,,,,,4382
"06001436900","14000US06001436900","Census Tract 4369","Census Tract 4369, Alameda County, California","ca","140","00","ACSSF","0002929",,,,,"06","001",,,,"436900",,,,,,,,,,,,,,,,,,,,,,,,,,,,,,,,,,,,,6745
"06001437000","14000US06001437000","Census Tract 4370","Census Tract 4370, Alameda County, California","ca","140","00","ACSSF","0002930",,,,,"06","001",,,,"437000",,,,,,,,,,,,,,,,,,,,,,,,,,,,,,,,,,,,,3493
"06001437101","14000US06001437101","Census Tract 4371.01","Census Tract 4371.01, Alameda County, California","ca","140","00","ACSSF","0002931",,,,,"06","001",,,,"437101",,,,,,,,,,,,,,,,,,,,,,,,,,,,,,,,,,,,,7867
"06001437102","14000US06001437102","Census Tract 4371.02","Census Tract 4371.02, Alameda County, California","ca","140","00","ACSSF","0002932",,,,,"06","001",,,,"437102",,,,,,,,,,,,,,,,,,,,,,,,,,,,,,,,,,,,,4521
"06001437200","14000US06001437200","Census Tract 4372","Census Tract 4372, Alameda County, California","ca","140","00","ACSSF","0002933",,,,,"06","001",,,,"437200",,,,,,,,,,,,,,,,,,,,,,,,,,,,,,,,,,,,,7489
"06001437300","14000US06001437300","Census Tract 4373","Census Tract 4373, Alameda County, California","ca","140","00","ACSSF","0002934",,,,,"06","001",,,,"437300",,,,,,,,,,,,,,,,,,,,,,,,,,,,,,,,,,,,,3277
"06001437400","14000US06001437400","Census Tract 4374","Census Tract 4374, Alameda County, California","ca","140","00","ACSSF","0002935",,,,,"06","001",,,,"437400",,,,,,,,,,,,,,,,,,,,,,,,,,,,,,,,,,,,,3485
"06001437500","14000US06001437500","Census Tract 4375","Census Tract 4375, Alameda County, California","ca","140","00","ACSSF","0002936",,,,,"06","001",,,,"437500",,,,,,,,,,,,,,,,,,,,,,,,,,,,,,,,,,,,,4531
"06001437600","14000US06001437600","Census Tract 4376","Census Tract 4376, Alameda County, California","ca","140","00","ACSSF","0002937",,,,,"06","001",,,,"437600",,,,,,,,,,,,,,,,,,,,,,,,,,,,,,,,,,,,,3536
"06001437701","14000US06001437701","Census Tract 4377.01","Census Tract 4377.01, Alameda County, California","ca","140","00","ACSSF","0002938",,,,,"06","001",,,,"437701",,,,,,,,,,,,,,,,,,,,,,,,,,,,,,,,,,,,,3773
"06001437702","14000US06001437702","Census Tract 4377.02","Census Tract 4377.02, Alameda County, California","ca","140","00","ACSSF","0002939",,,,,"06","001",,,,"437702",,,,,,,,,,,,,,,,,,,,,,,,,,,,,,,,,,,,,4295
"06001437800","14000US06001437800","Census Tract 4378","Census Tract 4378, Alameda County, California","ca","140","00","ACSSF","0002940",,,,,"06","001",,,,"437800",,,,,,,,,,,,,,,,,,,,,,,,,,,,,,,,,,,,,4997
"06001437900","14000US06001437900","Census Tract 4379","Census Tract 4379, Alameda County, California","ca","140","00","ACSSF","0002941",,,,,"06","001",,,,"437900",,,,,,,,,,,,,,,,,,,,,,,,,,,,,,,,,,,,,2321
"06001438000","14000US06001438000","Census Tract 4380","Census Tract 4380, Alameda County, California","ca","140","00","ACSSF","0002942",,,,,"06","001",,,,"438000",,,,,,,,,,,,,,,,,,,,,,,,,,,,,,,,,,,,,3952
"06001438100","14000US06001438100","Census Tract 4381","Census Tract 4381, Alameda County, California","ca","140","00","ACSSF","0002943",,,,,"06","001",,,,"438100",,,,,,,,,,,,,,,,,,,,,,,,,,,,,,,,,,,,,8307
"06001438201","14000US06001438201","Census Tract 4382.01","Census Tract 4382.01, Alameda County, California","ca","140","00","ACSSF","0002944",,,,,"06","001",,,,"438201",,,,,,,,,,,,,,,,,,,,,,,,,,,,,,,,,,,,,5144
"06001438203","14000US06001438203","Census Tract 4382.03","Census Tract 4382.03, Alameda County, California","ca","140","00","ACSSF","0002945",,,,,"06","001",,,,"438203",,,,,,,,,,,,,,,,,,,,,,,,,,,,,,,,,,,,,3888
"06001438204","14000US06001438204","Census Tract 4382.04","Census Tract 4382.04, Alameda County, California","ca","140","00","ACSSF","0002946",,,,,"06","001",,,,"438204",,,,,,,,,,,,,,,,,,,,,,,,,,,,,,,,,,,,,5838
"06001438300","14000US06001438300","Census Tract 4383","Census Tract 4383, Alameda County, California","ca","140","00","ACSSF","0002947",,,,,"06","001",,,,"438300",,,,,,,,,,,,,,,,,,,,,,,,,,,,,,,,,,,,,3767
"06001438400","14000US06001438400","Census Tract 4384","Census Tract 4384, Alameda County, California","ca","140","00","ACSSF","0002948",,,,,"06","001",,,,"438400",,,,,,,,,,,,,,,,,,,,,,,,,,,,,,,,,,,,,2757
"06001440100","14000US06001440100","Census Tract 4401","Census Tract 4401, Alameda County, California","ca","140","00","ACSSF","0002949",,,,,"06","001",,,,"440100",,,,,,,,,,,,,,,,,,,,,,,,,,,,,,,,,,,,,2799
"06001440200","14000US06001440200","Census Tract 4402","Census Tract 4402, Alameda County, California","ca","140","00","ACSSF","0002950",,,,,"06","001",,,,"440200",,,,,,,,,,,,,,,,,,,,,,,,,,,,,,,,,,,,,6125
"06001440301","14000US06001440301","Census Tract 4403.01","Census Tract 4403.01, Alameda County, California","ca","140","00","ACSSF","0002951",,,,,"06","001",,,,"440301",,,,,,,,,,,,,,,,,,,,,,,,,,,,,,,,,,,,,7596
"06001440304","14000US06001440304","Census Tract 4403.04","Census Tract 4403.04, Alameda County, California","ca","140","00","ACSSF","0002952",,,,,"06","001",,,,"440304",,,,,,,,,,,,,,,,,,,,,,,,,,,,,,,,,,,,,5035
"06001440305","14000US06001440305","Census Tract 4403.05","Census Tract 4403.05, Alameda County, California","ca","140","00","ACSSF","0002953",,,,,"06","001",,,,"440305",,,,,,,,,,,,,,,,,,,,,,,,,,,,,,,,,,,,,4190
"06001440306","14000US06001440306","Census Tract 4403.06","Census Tract 4403.06, Alameda County, California","ca","140","00","ACSSF","0002954",,,,,"06","001",,,,"440306",,,,,,,,,,,,,,,,,,,,,,,,,,,,,,,,,,,,,4322
"06001440307","14000US06001440307","Census Tract 4403.07","Census Tract 4403.07, Alameda County, California","ca","140","00","ACSSF","0002955",,,,,"06","001",,,,"440307",,,,,,,,,,,,,,,,,,,,,,,,,,,,,,,,,,,,,4748
"06001440308","14000US06001440308","Census Tract 4403.08","Census Tract 4403.08, Alameda County, California","ca","140","00","ACSSF","0002956",,,,,"06","001",,,,"440308",,,,,,,,,,,,,,,,,,,,,,,,,,,,,,,,,,,,,6171
"06001440331","14000US06001440331","Census Tract 4403.31","Census Tract 4403.31, Alameda County, California","ca","140","00","ACSSF","0002957",,,,,"06","001",,,,"440331",,,,,,,,,,,,,,,,,,,,,,,,,,,,,,,,,,,,,3276
"06001440332","14000US06001440332","Census Tract 4403.32","Census Tract 4403.32, Alameda County, California","ca","140","00","ACSSF","0002958",,,,,"06","001",,,,"440332",,,,,,,,,,,,,,,,,,,,,,,,,,,,,,,,,,,,,3505
"06001440333","14000US06001440333","Census Tract 4403.33","Census Tract 4403.33, Alameda County, California","ca","140","00","ACSSF","0002959",,,,,"06","001",,,,"440333",,,,,,,,,,,,,,,,,,,,,,,,,,,,,,,,,,,,,2982
"06001440334","14000US06001440334","Census Tract 4403.34","Census Tract 4403.34, Alameda County, California","ca","140","00","ACSSF","0002960",,,,,"06","001",,,,"440334",,,,,,,,,,,,,,,,,,,,,,,,,,,,,,,,,,,,,4414
"06001440335","14000US06001440335","Census Tract 4403.35","Census Tract 4403.35, Alameda County, California","ca","140","00","ACSSF","0002961",,,,,"06","001",,,,"440335",,,,,,,,,,,,,,,,,,,,,,,,,,,,,,,,,,,,,7051
"06001440336","14000US06001440336","Census Tract 4403.36","Census Tract 4403.36, Alameda County, California","ca","140","00","ACSSF","0002962",,,,,"06","001",,,,"440336",,,,,,,,,,,,,,,,,,,,,,,,,,,,,,,,,,,,,4437
"06001441100","14000US06001441100","Census Tract 4411","Census Tract 4411, Alameda County, California","ca","140","00","ACSSF","0002963",,,,,"06","001",,,,"441100",,,,,,,,,,,,,,,,,,,,,,,,,,,,,,,,,,,,,4625
"06001441200","14000US06001441200","Census Tract 4412","Census Tract 4412, Alameda County, California","ca","140","00","ACSSF","0002964",,,,,"06","001",,,,"441200",,,,,,,,,,,,,,,,,,,,,,,,,,,,,,,,,,,,,7277
"06001441301","14000US06001441301","Census Tract 4413.01","Census Tract 4413.01, Alameda County, California","ca","140","00","ACSSF","0002965",,,,,"06","001",,,,"441301",,,,,,,,,,,,,,,,,,,,,,,,,,,,,,,,,,,,,3301
"06001441302","14000US06001441302","Census Tract 4413.02","Census Tract 4413.02, Alameda County, California","ca","140","00","ACSSF","0002966",,,,,"06","001",,,,"441302",,,,,,,,,,,,,,,,,,,,,,,,,,,,,,,,,,,,,5937
"06001441401","14000US06001441401","Census Tract 4414.01","Census Tract 4414.01, Alameda County, California","ca","140","00","ACSSF","0002967",,,,,"06","001",,,,"441401",,,,,,,,,,,,,,,,,,,,,,,,,,,,,,,,,,,,,8082
"06001441402","14000US06001441402","Census Tract 4414.02","Census Tract 4414.02, Alameda County, California","ca","140","00","ACSSF","0002968",,,,,"06","001",,,,"441402",,,,,,,,,,,,,,,,,,,,,,,,,,,,,,,,,,,,,5407
"06001441501","14000US06001441501","Census Tract 4415.01","Census Tract 4415.01, Alameda County, California","ca","140","00","ACSSF","0002969",,,,,"06","001",,,,"441501",,,,,,,,,,,,,,,,,,,,,,,,,,,,,,,,,,,,,6546
"06001441503","14000US06001441503","Census Tract 4415.03","Census Tract 4415.03, Alameda County, California","ca","140","00","ACSSF","0002970",,,,,"06","001",,,,"441503",,,,,,,,,,,,,,,,,,,,,,,,,,,,,,,,,,,,,8013
"06001441521","14000US06001441521","Census Tract 4415.21","Census Tract 4415.21, Alameda County, California","ca","140","00","ACSSF","0002971",,,,,"06","001",,,,"441521",,,,,,,,,,,,,,,,,,,,,,,,,,,,,,,,,,,,,6175
"06001441522","14000US06001441522","Census Tract 4415.22","Census Tract 4415.22, Alameda County, California","ca","140","00","ACSSF","0002972",,,,,"06","001",,,,"441522",,,,,,,,,,,,,,,,,,,,,,,,,,,,,,,,,,,,,5233
"06001441523","14000US06001441523","Census Tract 4415.23","Census Tract 4415.23, Alameda County, California","ca","140","00","ACSSF","0002973",,,,,"06","001",,,,"441523",,,,,,,,,,,,,,,,,,,,,,,,,,,,,,,,,,,,,4418
"06001441524","14000US06001441524","Census Tract 4415.24","Census Tract 4415.24, Alameda County, California","ca","140","00","ACSSF","0002974",,,,,"06","001",,,,"441524",,,,,,,,,,,,,,,,,,,,,,,,,,,,,,,,,,,,,4215
"06001441601","14000US06001441601","Census Tract 4416.01","Census Tract 4416.01, Alameda County, California","ca","140","00","ACSSF","0002975",,,,,"06","001",,,,"441601",,,,,,,,,,,,,,,,,,,,,,,,,,,,,,,,,,,,,4982
"06001441602","14000US06001441602","Census Tract 4416.02","Census Tract 4416.02, Alameda County, California","ca","140","00","ACSSF","0002976",,,,,"06","001",,,,"441602",,,,,,,,,,,,,,,,,,,,,,,,,,,,,,,,,,,,,8113
"06001441700","14000US06001441700","Census Tract 4417","Census Tract 4417, Alameda County, California","ca","140","00","ACSSF","0002977",,,,,"06","001",,,,"441700",,,,,,,,,,,,,,,,,,,,,,,,,,,,,,,,,,,,,8527
"06001441800","14000US06001441800","Census Tract 4418","Census Tract 4418, Alameda County, California","ca","140","00","ACSSF","0002978",,,,,"06","001",,,,"441800",,,,,,,,,,,,,,,,,,,,,,,,,,,,,,,,,,,,,7543
"06001441921","14000US06001441921","Census Tract 4419.21","Census Tract 4419.21, Alameda County, California","ca","140","00","ACSSF","0002979",,,,,"06","001",,,,"441921",,,,,,,,,,,,,,,,,,,,,,,,,,,,,,,,,,,,,3909
"06001441923","14000US06001441923","Census Tract 4419.23","Census Tract 4419.23, Alameda County, California","ca","140","00","ACSSF","0002980",,,,,"06","001",,,,"441923",,,,,,,,,,,,,,,,,,,,,,,,,,,,,,,,,,,,,6250
"06001441924","14000US06001441924","Census Tract 4419.24","Census Tract 4419.24, Alameda County, California","ca","140","00","ACSSF","0002981",,,,,"06","001",,,,"441924",,,,,,,,,,,,,,,,,,,,,,,,,,,,,,,,,,,,,7481
"06001441925","14000US06001441925","Census Tract 4419.25","Census Tract 4419.25, Alameda County, California","ca","140","00","ACSSF","0002982",,,,,"06","001",,,,"441925",,,,,,,,,,,,,,,,,,,,,,,,,,,,,,,,,,,,,7291
"06001441926","14000US06001441926","Census Tract 4419.26","Census Tract 4419.26, Alameda County, California","ca","140","00","ACSSF","0002983",,,,,"06","001",,,,"441926",,,,,,,,,,,,,,,,,,,,,,,,,,,,,,,,,,,,,4595
"06001441927","14000US06001441927","Census Tract 4419.27","Census Tract 4419.27, Alameda County, California","ca","140","00","ACSSF","0002984",,,,,"06","001",,,,"441927",,,,,,,,,,,,,,,,,,,,,,,,,,,,,,,,,,,,,4492
"06001442000","14000US06001442000","Census Tract 4420","Census Tract 4420, Alameda County, California","ca","140","00","ACSSF","0002985",,,,,"06","001",,,,"442000",,,,,,,,,,,,,,,,,,,,,,,,,,,,,,,,,,,,,3419
"06001442100","14000US06001442100","Census Tract 4421","Census Tract 4421, Alameda County, California","ca","140","00","ACSSF","0002986",,,,,"06","001",,,,"442100",,,,,,,,,,,,,,,,,,,,,,,,,,,,,,,,,,,,,5462
"06001442200","14000US06001442200","Census Tract 4422","Census Tract 4422, Alameda County, California","ca","140","00","ACSSF","0002987",,,,,"06","001",,,,"442200",,,,,,,,,,,,,,,,,,,,,,,,,,,,,,,,,,,,,7473
"06001442301","14000US06001442301","Census Tract 4423.01","Census Tract 4423.01, Alameda County, California","ca","140","00","ACSSF","0002988",,,,,"06","001",,,,"442301",,,,,,,,,,,,,,,,,,,,,,,,,,,,,,,,,,,,,5496
"06001442302","14000US06001442302","Census Tract 4423.02","Census Tract 4423.02, Alameda County, California","ca","140","00","ACSSF","0002989",,,,,"06","001",,,,"442302",,,,,,,,,,,,,,,,,,,,,,,,,,,,,,,,,,,,,6366
"06001442400","14000US06001442400","Census Tract 4424","Census Tract 4424, Alameda County, California","ca","140","00","ACSSF","0002990",,,,,"06","001",,,,"442400",,,,,,,,,,,,,,,,,,,,,,,,,,,,,,,,,,,,,6822
"06001442500","14000US06001442500","Census Tract 4425","Census Tract 4425, Alameda County, California","ca","140","00","ACSSF","0002991",,,,,"06","001",,,,"442500",,,,,,,,,,,,,,,,,,,,,,,,,,,,,,,,,,,,,7374
"06001442601","14000US06001442601","Census Tract 4426.01","Census Tract 4426.01, Alameda County, California","ca","140","00","ACSSF","0002992",,,,,"06","001",,,,"442601",,,,,,,,,,,,,,,,,,,,,,,,,,,,,,,,,,,,,4160
"06001442602","14000US06001442602","Census Tract 4426.02","Census Tract 4426.02, Alameda County, California","ca","140","00","ACSSF","0002993",,,,,"06","001",,,,"442602",,,,,,,,,,,,,,,,,,,,,,,,,,,,,,,,,,,,,5059
"06001442700","14000US06001442700","Census Tract 4427","Census Tract 4427, Alameda County, California","ca","140","00","ACSSF","0002994",,,,,"06","001",,,,"442700",,,,,,,,,,,,,,,,,,,,,,,,,,,,,,,,,,,,,3048
"06001442800","14000US06001442800","Census Tract 4428","Census Tract 4428, Alameda County, California","ca","140","00","ACSSF","0002995",,,,,"06","001",,,,"442800",,,,,,,,,,,,,,,,,,,,,,,,,,,,,,,,,,,,,2952
"06001442900","14000US06001442900","Census Tract 4429","Census Tract 4429, Alameda County, California","ca","140","00","ACSSF","0002996",,,,,"06","001",,,,"442900",,,,,,,,,,,,,,,,,,,,,,,,,,,,,,,,,,,,,7761
"06001443001","14000US06001443001","Census Tract 4430.01","Census Tract 4430.01, Alameda County, California","ca","140","00","ACSSF","0002997",,,,,"06","001",,,,"443001",,,,,,,,,,,,,,,,,,,,,,,,,,,,,,,,,,,,,2891
"06001443002","14000US06001443002","Census Tract 4430.02","Census Tract 4430.02, Alameda County, California","ca","140","00","ACSSF","0002998",,,,,"06","001",,,,"443002",,,,,,,,,,,,,,,,,,,,,,,,,,,,,,,,,,,,,6930
"06001443102","14000US06001443102","Census Tract 4431.02","Census Tract 4431.02, Alameda County, California","ca","140","00","ACSSF","0002999",,,,,"06","001",,,,"443102",,,,,,,,,,,,,,,,,,,,,,,,,,,,,,,,,,,,,5065
"06001443103","14000US06001443103","Census Tract 4431.03","Census Tract 4431.03, Alameda County, California","ca","140","00","ACSSF","0003000",,,,,"06","001",,,,"443103",,,,,,,,,,,,,,,,,,,,,,,,,,,,,,,,,,,,,4107
"06001443104","14000US06001443104","Census Tract 4431.04","Census Tract 4431.04, Alameda County, California","ca","140","00","ACSSF","0003001",,,,,"06","001",,,,"443104",,,,,,,,,,,,,,,,,,,,,,,,,,,,,,,,,,,,,5620
"06001443105","14000US06001443105","Census Tract 4431.05","Census Tract 4431.05, Alameda County, California","ca","140","00","ACSSF","0003002",,,,,"06","001",,,,"443105",,,,,,,,,,,,,,,,,,,,,,,,,,,,,,,,,,,,,4785
"06001443200","14000US06001443200","Census Tract 4432","Census Tract 4432, Alameda County, California","ca","140","00","ACSSF","0003003",,,,,"06","001",,,,"443200",,,,,,,,,,,,,,,,,,,,,,,,,,,,,,,,,,,,,4053
"06001443301","14000US06001443301","Census Tract 4433.01","Census Tract 4433.01, Alameda County, California","ca","140","00","ACSSF","0003004",,,,,"06","001",,,,"443301",,,,,,,,,,,,,,,,,,,,,,,,,,,,,,,,,,,,,4355
"06001443321","14000US06001443321","Census Tract 4433.21","Census Tract 4433.21, Alameda County, California","ca","140","00","ACSSF","0003005",,,,,"06","001",,,,"443321",,,,,,,,,,,,,,,,,,,,,,,,,,,,,,,,,,,,,3368
"06001443322","14000US06001443322","Census Tract 4433.22","Census Tract 4433.22, Alameda County, California","ca","140","00","ACSSF","0003006",,,,,"06","001",,,,"443322",,,,,,,,,,,,,,,,,,,,,,,,,,,,,,,,,,,,,3308
"06001444100","14000US06001444100","Census Tract 4441","Census Tract 4441, Alameda County, California","ca","140","00","ACSSF","0003007",,,,,"06","001",,,,"444100",,,,,,,,,,,,,,,,,,,,,,,,,,,,,,,,,,,,,7556
"06001444200","14000US06001444200","Census Tract 4442","Census Tract 4442, Alameda County, California","ca","140","00","ACSSF","0003008",,,,,"06","001",,,,"444200",,,,,,,,,,,,,,,,,,,,,,,,,,,,,,,,,,,,,7112
"06001444301","14000US06001444301","Census Tract 4443.01","Census Tract 4443.01, Alameda County, California","ca","140","00","ACSSF","0003009",,,,,"06","001",,,,"444301",,,,,,,,,,,,,,,,,,,,,,,,,,,,,,,,,,,,,3973
"06001444302","14000US06001444302","Census Tract 4443.02","Census Tract 4443.02, Alameda County, California","ca","140","00","ACSSF","0003010",,,,,"06","001",,,,"444302",,,,,,,,,,,,,,,,,,,,,,,,,,,,,,,,,,,,,5185
"06001444400","14000US06001444400","Census Tract 4444","Census Tract 4444, Alameda County, California","ca","140","00","ACSSF","0003011",,,,,"06","001",,,,"444400",,,,,,,,,,,,,,,,,,,,,,,,,,,,,,,,,,,,,5477
"06001444500","14000US06001444500","Census Tract 4445","Census Tract 4445, Alameda County, California","ca","140","00","ACSSF","0003012",,,,,"06","001",,,,"444500",,,,,,,,,,,,,,,,,,,,,,,,,,,,,,,,,,,,,7518
"06001444601","14000US06001444601","Census Tract 4446.01","Census Tract 4446.01, Alameda County, California","ca","140","00","ACSSF","0003013",,,,,"06","001",,,,"444601",,,,,,,,,,,,,,,,,,,,,,,,,,,,,,,,,,,,,5787
"06001444602","14000US06001444602","Census Tract 4446.02","Census Tract 4446.02, Alameda County, California","ca","140","00","ACSSF","0003014",,,,,"06","001",,,,"444602",,,,,,,,,,,,,,,,,,,,,,,,,,,,,,,,,,,,,4563
"06001450101","14000US06001450101","Census Tract 4501.01","Census Tract 4501.01, Alameda County, California","ca","140","00","ACSSF","0003015",,,,,"06","001",,,,"450101",,,,,,,,,,,,,,,,,,,,,,,,,,,,,,,,,,,,,5750
"06001450102","14000US06001450102","Census Tract 4501.02","Census Tract 4501.02, Alameda County, California","ca","140","00","ACSSF","0003016",,,,,"06","001",,,,"450102",,,,,,,,,,,,,,,,,,,,,,,,,,,,,,,,,,,,,5664
"06001450200","14000US06001450200","Census Tract 4502","Census Tract 4502, Alameda County, California","ca","140","00","ACSSF","0003017",,,,,"06","001",,,,"450200",,,,,,,,,,,,,,,,,,,,,,,,,,,,,,,,,,,,,5244
"06001450300","14000US06001450300","Census Tract 4503","Census Tract 4503, Alameda County, California","ca","140","00","ACSSF","0003018",,,,,"06","001",,,,"450300",,,,,,,,,,,,,,,,,,,,,,,,,,,,,,,,,,,,,5212
"06001450400","14000US06001450400","Census Tract 4504","Census Tract 4504, Alameda County, California","ca","140","00","ACSSF","0003019",,,,,"06","001",,,,"450400",,,,,,,,,,,,,,,,,,,,,,,,,,,,,,,,,,,,,7286
"06001450501","14000US06001450501","Census Tract 4505.01","Census Tract 4505.01, Alameda County, California","ca","140","00","ACSSF","0003020",,,,,"06","001",,,,"450501",,,,,,,,,,,,,,,,,,,,,,,,,,,,,,,,,,,,,3156
"06001450502","14000US06001450502","Census Tract 4505.02","Census Tract 4505.02, Alameda County, California","ca","140","00","ACSSF","0003021",,,,,"06","001",,,,"450502",,,,,,,,,,,,,,,,,,,,,,,,,,,,,,,,,,,,,5490
"06001450601","14000US06001450601","Census Tract 4506.01","Census Tract 4506.01, Alameda County, California","ca","140","00","ACSSF","0003022",,,,,"06","001",,,,"450601",,,,,,,,,,,,,,,,,,,,,,,,,,,,,,,,,,,,,3641
"06001450602","14000US06001450602","Census Tract 4506.02","Census Tract 4506.02, Alameda County, California","ca","140","00","ACSSF","0003023",,,,,"06","001",,,,"450602",,,,,,,,,,,,,,,,,,,,,,,,,,,,,,,,,,,,,10265
"06001450603","14000US06001450603","Census Tract 4506.03","Census Tract 4506.03, Alameda County, California","ca","140","00","ACSSF","0003024",,,,,"06","001",,,,"450603",,,,,,,,,,,,,,,,,,,,,,,,,,,,,,,,,,,,,5155
"06001450604","14000US06001450604","Census Tract 4506.04","Census Tract 4506.04, Alameda County, California","ca","140","00","ACSSF","0003025",,,,,"06","001",,,,"450604",,,,,,,,,,,,,,,,,,,,,,,,,,,,,,,,,,,,,5505
"06001450605","14000US06001450605","Census Tract 4506.05","Census Tract 4506.05, Alameda County, California","ca","140","00","ACSSF","0003026",,,,,"06","001",,,,"450605",,,,,,,,,,,,,,,,,,,,,,,,,,,,,,,,,,,,,3893
"06001450606","14000US06001450606","Census Tract 4506.06","Census Tract 4506.06, Alameda County, California","ca","140","00","ACSSF","0003027",,,,,"06","001",,,,"450606",,,,,,,,,,,,,,,,,,,,,,,,,,,,,,,,,,,,,6254
"06001450607","14000US06001450607","Census Tract 4506.07","Census Tract 4506.07, Alameda County, California","ca","140","00","ACSSF","0003028",,,,,"06","001",,,,"450607",,,,,,,,,,,,,,,,,,,,,,,,,,,,,,,,,,,,,5717
"06001450701","14000US06001450701","Census Tract 4507.01","Census Tract 4507.01, Alameda County, California","ca","140","00","ACSSF","0003029",,,,,"06","001",,,,"450701",,,,,,,,,,,,,,,,,,,,,,,,,,,,,,,,,,,,,8596
"06001450741","14000US06001450741","Census Tract 4507.41","Census Tract 4507.41, Alameda County, California","ca","140","00","ACSSF","0003030",,,,,"06","001",,,,"450741",,,,,,,,,,,,,,,,,,,,,,,,,,,,,,,,,,,,,5852
"06001450742","14000US06001450742","Census Tract 4507.42","Census Tract 4507.42, Alameda County, California","ca","140","00","ACSSF","0003031",,,,,"06","001",,,,"450742",,,,,,,,,,,,,,,,,,,,,,,,,,,,,,,,,,,,,5436
"06001450743","14000US06001450743","Census Tract 4507.43","Census Tract 4507.43, Alameda County, California","ca","140","00","ACSSF","0003032",,,,,"06","001",,,,"450743",,,,,,,,,,,,,,,,,,,,,,,,,,,,,,,,,,,,,6684
"06001450744","14000US06001450744","Census Tract 4507.44","Census Tract 4507.44, Alameda County, California","ca","140","00","ACSSF","0003033",,,,,"06","001",,,,"450744",,,,,,,,,,,,,,,,,,,,,,,,,,,,,,,,,,,,,6273
"06001450745","14000US06001450745","Census Tract 4507.45","Census Tract 4507.45, Alameda County, California","ca","140","00","ACSSF","0003034",,,,,"06","001",,,,"450745",,,,,,,,,,,,,,,,,,,,,,,,,,,,,,,,,,,,,6712
"06001450746","14000US06001450746","Census Tract 4507.46","Census Tract 4507.46, Alameda County, California","ca","140","00","ACSSF","0003035",,,,,"06","001",,,,"450746",,,,,,,,,,,,,,,,,,,,,,,,,,,,,,,,,,,,,3525
"06001450750","14000US06001450750","Census Tract 4507.50","Census Tract 4507.50, Alameda County, California","ca","140","00","ACSSF","0003036",,,,,"06","001",,,,"450750",,,,,,,,,,,,,,,,,,,,,,,,,,,,,,,,,,,,,5630
"06001450751","14000US06001450751","Census Tract 4507.51","Census Tract 4507.51, Alameda County, California","ca","140","00","ACSSF","0003037",,,,,"06","001",,,,"450751",,,,,,,,,,,,,,,,,,,,,,,,,,,,,,,,,,,,,11119
"06001450752","14000US06001450752","Census Tract 4507.52","Census Tract 4507.52, Alameda County, California","ca","140","00","ACSSF","0003038",,,,,"06","001",,,,"450752",,,,,,,,,,,,,,,,,,,,,,,,,,,,,,,,,,,,,7343
"06001451101","14000US06001451101","Census Tract 4511.01","Census Tract 4511.01, Alameda County, California","ca","140","00","ACSSF","0003039",,,,,"06","001",,,,"451101",,,,,,,,,,,,,,,,,,,,,,,,,,,,,,,,,,,,,8692
"06001451102","14000US06001451102","Census Tract 4511.02","Census Tract 4511.02, Alameda County, California","ca","140","00","ACSSF","0003040",,,,,"06","001",,,,"451102",,,,,,,,,,,,,,,,,,,,,,,,,,,,,,,,,,,,,4003
"06001451201","14000US06001451201","Census Tract 4512.01","Census Tract 4512.01, Alameda County, California","ca","140","00","ACSSF","0003041",,,,,"06","001",,,,"451201",,,,,,,,,,,,,,,,,,,,,,,,,,,,,,,,,,,,,7695
"06001451202","14000US06001451202","Census Tract 4512.02","Census Tract 4512.02, Alameda County, California","ca","140","00","ACSSF","0003042",,,,,"06","001",,,,"451202",,,,,,,,,,,,,,,,,,,,,,,,,,,,,,,,,,,,,5188
"06001451300","14000US06001451300","Census Tract 4513","Census Tract 4513, Alameda County, California","ca","140","00","ACSSF","0003043",,,,,"06","001",,,,"451300",,,,,,,,,,,,,,,,,,,,,,,,,,,,,,,,,,,,,6903
"06001451401","14000US06001451401","Census Tract 4514.01","Census Tract 4514.01, Alameda County, California","ca","140","00","ACSSF","0003044",,,,,"06","001",,,,"451401",,,,,,,,,,,,,,,,,,,,,,,,,,,,,,,,,,,,,6191
"06001451403","14000US06001451403","Census Tract 4514.03","Census Tract 4514.03, Alameda County, California","ca","140","00","ACSSF","0003045",,,,,"06","001",,,,"451403",,,,,,,,,,,,,,,,,,,,,,,,,,,,,,,,,,,,,2308
"06001451404","14000US06001451404","Census Tract 4514.04","Census Tract 4514.04, Alameda County, California","ca","140","00","ACSSF","0003046",,,,,"06","001",,,,"451404",,,,,,,,,,,,,,,,,,,,,,,,,,,,,,,,,,,,,7094
"06001451501","14000US06001451501","Census Tract 4515.01","Census Tract 4515.01, Alameda County, California","ca","140","00","ACSSF","0003047",,,,,"06","001",,,,"451501",,,,,,,,,,,,,,,,,,,,,,,,,,,,,,,,,,,,,4693
"06001451503","14000US06001451503","Census Tract 4515.03","Census Tract 4515.03, Alameda County, California","ca","140","00","ACSSF","0003048",,,,,"06","001",,,,"451503",,,,,,,,,,,,,,,,,,,,,,,,,,,,,,,,,,,,,6182
"06001451504","14000US06001451504","Census Tract 4515.04","Census Tract 4515.04, Alameda County, California","ca","140","00","ACSSF","0003049",,,,,"06","001",,,,"451504",,,,,,,,,,,,,,,,,,,,,,,,,,,,,,,,,,,,,1709
"06001451505","14000US06001451505","Census Tract 4515.05","Census Tract 4515.05, Alameda County, California","ca","140","00","ACSSF","0003050",,,,,"06","001",,,,"451505",,,,,,,,,,,,,,,,,,,,,,,,,,,,,,,,,,,,,3418
"06001451506","14000US06001451506","Census Tract 4515.06","Census Tract 4515.06, Alameda County, California","ca","140","00","ACSSF","0003051",,,,,"06","001",,,,"451506",,,,,,,,,,,,,,,,,,,,,,,,,,,,,,,,,,,,,3385
"06001451601","14000US06001451601","Census Tract 4516.01","Census Tract 4516.01, Alameda County, California","ca","140","00","ACSSF","0003052",,,,,"06","001",,,,"451601",,,,,,,,,,,,,,,,,,,,,,,,,,,,,,,,,,,,,5362
"06001451602","14000US06001451602","Census Tract 4516.02","Census Tract 4516.02, Alameda County, California","ca","140","00","ACSSF","0003053",,,,,"06","001",,,,"451602",,,,,,,,,,,,,,,,,,,,,,,,,,,,,,,,,,,,,6809
"06001451701","14000US06001451701","Census Tract 4517.01","Census Tract 4517.01, Alameda County, California","ca","140","00","ACSSF","0003054",,,,,"06","001",,,,"451701",,,,,,,,,,,,,,,,,,,,,,,,,,,,,,,,,,,,,3112
"06001451703","14000US06001451703","Census Tract 4517.03","Census Tract 4517.03, Alameda County, California","ca","140","00","ACSSF","0003055",,,,,"06","001",,,,"451703",,,,,,,,,,,,,,,,,,,,,,,,,,,,,,,,,,,,,4080
"06001451704","14000US06001451704","Census Tract 4517.04","Census Tract 4517.04, Alameda County, California","ca","140","00","ACSSF","0003056",,,,,"06","001",,,,"451704",,,,,,,,,,,,,,,,,,,,,,,,,,,,,,,,,,,,,4519
"06001981900","14000US06001981900","Census Tract 9819","Census Tract 9819, Alameda County, California","ca","140","00","ACSSF","0003057",,,,,"06","001",,,,"981900",,,,,,,,,,,,,,,,,,,,,,,,,,,,,,,,,,,,,58
"06001982000","14000US06001982000","Census Tract 9820","Census Tract 9820, Alameda County, California","ca","140","00","ACSSF","0003058",,,,,"06","001",,,,"982000",,,,,,,,,,,,,,,,,,,,,,,,,,,,,,,,,,,,,63
"06001983200","14000US06001983200","Census Tract 9832","Census Tract 9832, Alameda County, California","ca","140","00","ACSSF","0003059",,,,,"06","001",,,,"983200",,,,,,,,,,,,,,,,,,,,,,,,,,,,,,,,,,,,,583
"06001990000","14000US06001990000","Census Tract 9900","Census Tract 9900, Alameda County, California","ca","140","00","ACSSF","0003060",,,,,"06","001",,,,"990000",,,,,,,,,,,,,,,,,,,,,,,,,,,,,,,,,,,,,0
